Hercules/RAthena contributors/developers

ai4rei <ai4rei@users.noreply.github.com>
Akkarinage <mike.langford@live.co.uk>
akrus <akrus@flygroup.st>
akshat157 <ancientfuture1337@gmail.com>
Alexander Kozlov <landergate@landergate.com>
Alige <gauvain.dauchy@free.fr>
Amir El Sayed <aes@basecom.de>
Ancyker <ancyker@gmail.com>
Andrei Karas <akaras@inbox.ru>
Angelmelody <Angelmelody@gmail.com>
Angelmelody <cutepeipei@hotmail.com.tw>
AnnieRuru <jeankofannie2@gmail.com>
AnnieRuru <jeankof@ymail.com>
Asheraf <Asheraf@users.noreply.github.com>
Atemo <capucrath@gmail.com>
AtlantisRO <atlas@atlantis-ro.net>
BinaryCrochet <43975470+BinaryCrochet@users.noreply.github.com>
blacksirius <fw@f-ws.de>
brianluau <brianluau@users.noreply.github.com>
CairoLee <cairoliyu@gmail.com>
calciumkid <harrison@isabarwon.com>
cannelle <cannelle@users.noreply.github.com>
cannelle <starfish2700@gmail.com>
Carlos <carloshlfzanon@gmail.com>
Carlos Henrique <carloshlfzanon@gmail.com>
Christian <txandy@gmail.com>
corey0908 <39597241+corey0908@users.noreply.github.com>
csnv <ctt@csnv.es>
daegaladh <Daegaladh@users.noreply.github.com>
danieldpl <56430929+danieldpl@users.noreply.github.com>
Darren <darrensapalo@users.noreply.github.com>
dastgir <dastgirp@gmail.com>
Dastgir <dastgirp@gmail.com>
dastgirpojee <dastgirp@gmail.com>
Dastgir Pojee <dastgirp@gmail.com>
Earisu <bruant.bastien@gmail.com>
Edwin <edwin@yohanesedwin.com>
Emistry <equinox1991@gmail.com>
Emistry <Equinox1991@gmail.com>
Emistry Haoyan <equinox1991@gmail.com>
Emistry Haoyan <Equinox1991@gmail.com>
epuncker <gm.perflex@gmail.com>
EPuncker <gm.perflex@gmail.com>
Er_Maqui <er_maqui@darkbolt.net>
Euphy <euphy@rathena.org>
euphyy <euphy@rathena.org>
Evil Puncker <EPuncker@users.noreply.github.com>
Evil Puncker <gm.perflex@gmail.com>
EyesOfAHawk <blackoutro2006@gmail.com>
Fisune <fisuned@gmail.com>
flaviojs2005 <flaviojs2005@gmail.com>
flaviojs <flaviojs2005@gmail.com>
FlavioJS <flaviojs2005@gmail.com>
Flipp <mysteriousragnarok@hotmail.com>
Florian Wilkemeyer <fw@f-ws.de>
FreddieFatso <slg@xyz.de>
Frost <jedzkie13@rocketmail.com>
Gabriel Mejia <elgartoinf@gmail.com>
GammCrucis <HaxD64@live.ca>
Gde Mahardhikha Satrigraha <gde.satrigraha@gmail.com>
Geniks <geniks34@gmail.com>
gepard1984 <piotr.halaczkiewicz@gmail.com>
Gepard <piotr.halaczkiewicz@gmail.com>
glighta <lightaisme@gmail.com>
GmOcean <hyperassassin@gmail.com>
greenboxal2 <greenboxal@gmail.com>
GrumpyLittlePanda <samuli.vaara@yahoo.com>
Guilherme G. Menaldo <guilherme.menaldo@outlook.com>
Guilherme G. M <guilherme.menaldo@outlook.com>
Guilherme Guiguer Menaldo <guilherme.menaldo@outlook.com>
Guilherme <guilherme_mith@hotmail.com>
Guilherme Menaldo <guilherme.menaldo@outlook.com>
gumi <git@gumi.ca>
Habilya <ciuvilin.co@gmail.com>
Habilya <hercuser@prdcrazyserver>
Happy <markaizer@gmail.com>
Haru <haru@dotalux.com>
haurenburu <haurenburu@protonmail.com>
hemagx <ibrahem.h.basyone@gmail.com>
HerculesUser <Hercules@mail.com>
Hercules.ws <dev@herc.ws>
Ibrahem Hossam <ibrahem.h.basyone@gmail.com>
Ibrahem Zidan <brahem@aotsw.com>
Ibrahim Hossam <ibrahem.h.basyone@gmail.com>
Ibrahim Zidan <brahem@aotsw.com>
inhyositsu <inhyositsu@gmail.com>
Inzianity <inzianity@gmail.com>
jaBote <jaBote@fake-emails-rock.com>
jaBote <jaBote@users.noreply.github.com>
jaBote <javote91@hotmail.com>
jaBote <j@bot.e>
Jackson <chadfield.jackson@gmail.com>
Jedzkie <jedzkie13@rocketmail.com>
Jenkijo <jenkijo@hrzn.community>
Jesusaves <cpntb1@ymail.com>
Jesusaves <jesusalva@themanaworld.org>
jmanfffreak <jmish1987@gmail.com>
joel <jvastbinder513@gmail.com>
Jônatas Andreta <jonataandretta@hotmail.com>
Jorge C <ctt@csnv.es>
Jose Luis Rivera Flores <jose-pro_h4kr@hotmail.com>
j-tkay <joseph.tk.ea@gmail.com>
KeiKun <the.keikun@gmail.com>
Kenpachi <Kenpachi.Developer@gmx.de>
Kerubael <keru@ro-mina.net>
KirieZ <guilherme_kiriez@hotmail.com>
KirieZ <guilherme.menaldo@outlook.com>
kisuka <kisuka@kisuka.com>
Kisuka <kisuka@kisuka.com>
Kolkka <lmiranda@lumigo.net>
Kpy! <ouroboros.ai@gmail.com>
lagonnebula <lagonnebula2@gmail.com>
landergate <landergate@landergate.com>
Lemongrass3110 <lemongrass@kstp.at>
linton-dawson <pushkarkukde@gmail.com>
LiYu <cairoliyu@gmail.com>
louisplag <42522191+louisplag@users.noreply.github.com>
Lucas Brito <lucasljsb@gmail.com>
M45T3Ryu <jose-pro_h4kr@hotmail.com>
malufett <malufett.eat.my.binaries@gmail.com>
maqc1 <alex--223@hotmail.com>
Marcelo Liberato <marceloll@outlook.com>
Mark Hester <Marky360@live.ie>
marky291 <Marky360@live.ie>
Marvin Lamart <m.lamart@agence-passerelle.com>
masao87 <masao@gmx.ch>
Masao87 <masao@gmx.ch>
Masao <masao@gmx.ch>
MasterOfMuppets <masterofmuppets89@gmail.com>
Matej Pristak <matej.pristak@gmail.com>
Matheus Macabu <mkbu95@gmail.com>
Mathy <MathyM@users.noreply.github.com>
Matias <matiassw@gmail.com>
Maytichai Saowa <nightcoremax@gmail.com>
mekolat <git@gumi.ca>
Mhalicot <sevenzz23@yahoo.com>
michaelforge <landergate@landergate.com>
michieru <michieru-kun@hotmail.com>
Michieru <michieru-kun@hotmail.com>
Milchdealer <jocker300@hotmail.de>
Milk <welcomerooot@gmail.com>
milky-milk <welcomerooot@gmail.com>
Miniack <Redemer_Braulio@hotmail.com>
moguri85 <ikke85@gmail.com>
momacabu <macabu.matheus@gmail.com>
MordekaiserGod <mordekaiser@iwillgetaproperemail.com>
MrKeiKun <the.keikun@gmail.com>
Mr.Postman <MrPostman@windowslive.com>
Mumbles <datmumbles@icloud.com>
Mumbles <icelestial@outlook.com>
Mumbles <mumbles@qt-ro.com>
Mumbles <mumbles@rhythm.ro>
Murilo_Bio <murilopereti@gmail.com>
Murilo Pereti Tavares <murilopereti@gmail.com>
Mysteries <mysteriousragnarok@hotmail.com>
Mysterious <mysteriousragnarok@hotmail.com>
nadiyama <ctt@csnv.es>
nadiyama <jorgecsnova@gmail.com>
Nihadm89 <nihadm89@hotmail.com>
Noil <senpainoil@gmail.com>
Normynator <Norman.Ziebal@web.de>
ossi0110 <asmodus1@web.de>
ossi0110 <maikkempkes@alice.de>
panikon <panikon@zoho.com>
Paradox924X <paradox924x@gmail.com>
Patskie <escalona3413@gmail.com>
Phil Olson <philip.olson@pm.me>
Piotr Hałaczkiewicz <piotr.halaczkiewicz@gmail.com>
playtester <Kenji.Ito@gmx.de>
Playtester <Kenji.Ito@gmx.de>
Poison <poison.lethaliagaming@gmail.com>
Potte <the.keikun@gmail.com>
Ragno <gerquicira@hotmail.com>
Rajat Verma <verma.rajatk@gmail.com>
Reid <reidyaro@gmail.com>
Ridley8819 <ridley8819@gmail.com>
Ridley <ridley8819@gmail.com>
Robbie <crgarvey@gmail.com>
rud0lp20 <malufett.eat.my.binaries@gmail.com>
Samuel23 <johnsamuel_santos3@yahoo.com>
SamuelHercules <exhilaratero@gmail.com>
Samuel <iamjohnsamuelsantos@gmail.com>
seifert10 <luis.seifert@gmail.com>
sevenzz23 <sevenzz23@yahoo.com>
Shaktoh <shakto@hotmail.fr>
shenhuyong <shenhuyong@hotmail.com>
shennetsind <ind@henn.et>
Shido <the.keikun@gmail.com>
Shizuke <matiasdvt@hotmail.com>
sigtus <vantimothy@openmailbox.org>
sirius <fw@f-ws.de>
skyleo <skyleo@skyleo.de>
Smokexyz <sagunkho@hotmail.com>
Streusel <streusel@gravity.co.kr>
Susu <bruant.bastien@gmail.com>
Susu <susu-@live.fr>
Taylor Locke <kisuka@kisuka.com>
TeMPlatonic <gerquicira@hotmail.com>
themon <themon1666@gmail.com>
Thibault Payet <monwarez@gmail.com>
trojal <trojal@gmail.com>
Trojal <trojal@gmail.com>
tungsinpei <sinpeiton@hotmail.com>
TungSinpei <TungSinpei@hotmail.com>
ultramage <umage@netvor.sk>
Unknown <nightcoremax@gmail.com>
Victor <victor.lombardi@insa-rouen.fr>
Vincent Thibault <vthibault.mobile@gmail.com>
Wolf <vitinho.senos@live.com>
xantara <missxantara@gmail.com>
Xantara <missxantara@gmail.com>
Xavier RENE-CORAIL <xavier.renecorail@gmail.com>
xCloud <xalfredmasterx@gmail.com>
Yommy <yomanda@gmail.com>
Your Name <ibrahem.h.basyone@gmail.com>
zackdreaver <zackdreaver@gmail.com>
Zarbony <justonlinegames@web.de>
Zopokx <zopokx@gmail.com>




The following people & communities have contributed to the development of Athena through the years.

Thank you for all your hard work.

3CeAM Dev Team
RR-Emu Dev Team
Athena Dev Team
eAthena Dev Team
Hercules Dev Team
Project YARE Team
rAthena Dev Team

(Pepermint)
(ruhu)
(凸)
[Lance]
$ephiroth
Aerie
Ai4rei
ajarn
Akaru
akrus
Alan
Aleos
amber
Ancyker
AnnieRuru
Antarea
AppleGirl
Aria
arutema
Asong
Au{R}oN
Avethes
Aya
Aの人
Banned
battousai90
BDPQ銀
blackhole89
Brainstorm
brianluau
celest
CG
Chilly
chloe
CHRIS
Chunglyeng
CIA-2
CLOWNISIUS
code
codemaster
Cookie
css25
Curax
Cydh
Cyxult
Daegaladh
Dark Light
Darkchild
davidchak
davidsiaw
Deltaanime
Dest
Diex
Dino9021
Dizzy
DNett123
DracoRPG
DRG
dusk
DZeroX
eigen
ElFinLazz
Elias
End_of_exam
erKURITA
Euphy
Eurydice
evangelion33
Evera
Flaid
FlavioJS
Flippy
foruken
Fredzilla
fritz
Fyrien
Gepard
giggster
GorthexTiger
GreenBox
hack
Harbin
Harp
Haruna
Hikaru
hoenny
hogefuga3
huge
ICO
Ind
Inkfish
J
jaBote
Jazz
Jman
jmanfffreak
Joint Beat
Joseph
jTynne
kag
kai
Kalen
Kargha
KarLaeda
Kashy
Katrinn
Kayla
Kenpachi
Kevin
killercube
Kisuka
KitsuneStarwind
kobra_k88
Komurka
Kuro
kyeme
L0ne_W0lf
lapis
last
latte
Lighta
LightFighter
Lilith
littlewolf
lizorett
ll3y
LP@@
Lupus
LuzZza
Maki
malufett
mare
Martin
Masao
Mass
MaSs ZeRo
massdriller
MasterOfMuppets
mc_cameri
Michael_Huang
Michieru
Mind Twist
mk
mkbu95
mksm
mosya
mousejstr
Mr.NO NAME
mrmagoo
Muad_Dib
Mumbles
Munin
musashiden
Mysterious
nabe
Nameless
Nameless2you
nana
Nasedo
netwarrior
Nexon
Ni+S
Nikita
nini
NOCTURNE
nokia
non
npc
nsstrunks
nyankochan
orn
p
Paradox924X
Peter Kieser
pizza
PKGINGO
Plala
Playtester
Poki#3
PRevEv
reddozen
ree_ron
reia
robert
rowla
RR
Rytech
samuray22
Sanasol
Sapientia
Sara
Sel
shadow
shadoweathena
shadowlady
shazeya
Shinigami
shinomori
Shinryo
shuto
Silent
Sin
SinSloth
Sirius_Black
Sirius_White
sk
SketchyPhoenix
Skotlex
spamrat
SPDFMember
spira
Spre
Susu
SVN
sylpheed
TEILU
Terces
Tharis
Theia
theultramage
tk44
ToastOfDoom
toms
Toshi^2
Trancid
Trojal
Tsuyuki
V&S
valaris
veider
Vicious_Pucca
whitedog
Wizputer
Wolf
Xgear
Yhn
Yommy
Yor
Yuuki
zalem
zapbomb
Zephiris
zephyrus_cr
Zido
ZoDIaC
あゆみ
いど
な。
パイン
ぴざまん
ぽぽぽ
ゆう
るるる
れあ
七誌
中の人
南
名無し様@ｇ＠ｍｅ
引退人
死神
波浪
獅子o^.^o
管理人
紅葉
聖
胡
胡蝶蘭
過去の人i1
釈尊
